{"commit":"752502a5f62450dd6555e39d77a464fb4c5043e7","pagesAndArtboards":{"035BCF77-1243-47D0-915E-B921BB3AD9C5":{"name":"Page 1","artboards":{"A85078CB-2058-4222-86DE-B216840FD288":{"name":"franz-symbol"},"A536EEA2-3828-47BF-9A62-D500C07AF737":{"name":"franz-symbol-black"},"CD4186CE-E3B5-4475-9FE7-C3A793752AD9":{"name":"franz"},"3C1901A6-DA55-4A90-8759-50F3FF75B719":{"name":"franz-black"}}}},"version":93,"fonts":[],"compatibilityVersion":93,"app":"com.bohemiancoding.sketch3","autosaved":0,"variant":"NONAPPSTORE","created":{"commit":"752502a5f62450dd6555e39d77a464fb4c5043e7","appVersion":"46.2","build":44496,"app":"com.bohemiancoding.sketch3","compatibilityVersion":93,"version":93,"variant":"NONAPPSTORE"},"saveHistory":["NONAPPSTORE.44496"],"appVersion":"46.2","build":44496}